Cw,dCw,Cs,dCs
68175,0.047071804,37925,0.140860312
58325,0.050082792,27150,0.173576355
